scientificName_harmonise,class,order,family,source
Bufo bufo,Amphibia,Anura,Bufonidae,Chapple et al. (2016)
Bufotes viridis,Amphibia,Anura,Bufonidae,Chapple et al. (2016)
Duttaphrynus melanostictus,Amphibia,Anura,Bufonidae,Chapple et al. (2016)
Epidalea calamita,Amphibia,Anura,Bufonidae,Chapple et al. (2016)
Rhinella marina,Amphibia,Anura,Bufonidae,Chapple et al. (2016)
Strauchbufo raddei,Amphibia,Anura,Bufonidae,Chapple et al. (2016)
Fejervarya kawamurai,Amphibia,Anura,Dicroglossidae,Chapple et al. (2016)
Hoplobatrachus rugulosus,Amphibia,Anura,Dicroglossidae,Chapple et al. (2016)
Dryophytes cinereus,Amphibia,Anura,Hylidae,Chapple et al. (2016)
Dryophytes gratiosus,Amphibia,Anura,Hylidae,Chapple et al. (2016)
Dryophytes japonicus,Amphibia,Anura,Hylidae,Chapple et al. (2016)
Dryophytes squirellus,Amphibia,Anura,Hylidae,Chapple et al. (2016)
Hyla arborea,Amphibia,Anura,Hylidae,Chapple et al. (2016)
Litoria congenita,Amphibia,Anura,Hylidae,Chapple et al. (2016)
Litoria dentata,Amphibia,Anura,Hylidae,Chapple et al. (2016)
Litoria ewingii,Amphibia,Anura,Hylidae,Chapple et al. (2016)
Litoria fallax,Amphibia,Anura,Hylidae,Chapple et al. (2016)
Litoria jervisiensis,Amphibia,Anura,Hylidae,Chapple et al. (2016)
Litoria peronii,Amphibia,Anura,Hylidae,Chapple et al. (2016)
Litoria rothii,Amphibia,Anura,Hylidae,Chapple et al. (2016)
Litoria rubella,Amphibia,Anura,Hylidae,Chapple et al. (2016)
Litoria tyleri,Amphibia,Anura,Hylidae,Chapple et al. (2016)
Litoria verreauxii,Amphibia,Anura,Hylidae,Chapple et al. (2016)
Nyctimystes infrafrenatus,Amphibia,Anura,Hylidae,Chapple et al. (2016)
Osteopilus septentrionalis,Amphibia,Anura,Hylidae,Chapple et al. (2016)
Ranoidea aurea,Amphibia,Anura,Hylidae,Chapple et al. (2016)
Ranoidea caerulea,Amphibia,Anura,Hylidae,Chapple et al. (2016)
Ranoidea gracilenta,Amphibia,Anura,Hylidae,Chapple et al. (2016)
Ranoidea moorei,Amphibia,Anura,Hylidae,Chapple et al. (2016)
Ranoidea raniformis,Amphibia,Anura,Hylidae,Chapple et al. (2016)
Scinax quinquefasciatus,Amphibia,Anura,Hylidae,Chapple et al. (2016)
Scinax x-signatus,Amphibia,Anura,Hylidae,Chapple et al. (2016)
Trachycephalus jordani,Amphibia,Anura,Hylidae,Chapple et al. (2016)
Trachycephalus typhonius,Amphibia,Anura,Hylidae,Chapple et al. (2016)
Afrixalus dorsalis,Amphibia,Anura,Hyperoliidae,Chapple et al. (2016)
Limnodynastes peronii,Amphibia,Anura,Limnodynastidae,Chapple et al. (2016)
Limnodynastes tasmaniensis,Amphibia,Anura,Limnodynastidae,Chapple et al. (2016)
Kaloula baleata,Amphibia,Anura,Microhylidae,Chapple et al. (2016)
Kaloula pulchra,Amphibia,Anura,Microhylidae,Chapple et al. (2016)
Oreophryne geislerorum,Amphibia,Anura,Microhylidae,Chapple et al. (2016)
Uperodon variegatus,Amphibia,Anura,Microhylidae,Chapple et al. (2016)
Hymenochirus curtipes,Amphibia,Anura,Pipidae,Chapple et al. (2016)
Lithobates sylvaticus,Amphibia,Anura,Ranidae,Chapple et al. (2016)
Rana arvalis,Amphibia,Anura,Ranidae,Chapple et al. (2016)
Rana ornativentris,Amphibia,Anura,Ranidae,Chapple et al. (2016)
Rana temporaria,Amphibia,Anura,Ranidae,Chapple et al. (2016)
Sylvirana guentheri,Amphibia,Anura,Ranidae,Chapple et al. (2016)
Polypedates megacephalus,Amphibia,Anura,Rhacophoridae,Chapple et al. (2016)
Zhangixalus schlegelii,Amphibia,Anura,Rhacophoridae,Chapple et al. (2016)
Acanthocercus atricollis,Reptilia,Squamata,Agamidae,Chapple et al. (2016)
Calotes versicolor,Reptilia,Squamata,Agamidae,Chapple et al. (2016)
Intellagama lesueurii,Reptilia,Squamata,Agamidae,Chapple et al. (2016)
Japalura swinhonis,Reptilia,Squamata,Agamidae,Chapple et al. (2016)
Lophognathus gilberti,Reptilia,Squamata,Agamidae,Chapple et al. (2016)
Lophognathus temporalis,Reptilia,Squamata,Agamidae,Chapple et al. (2016)
Pogona barbata,Reptilia,Squamata,Agamidae,Chapple et al. (2016)
Boa constrictor,Reptilia,Squamata,Boidae,Chapple et al. (2016)
Candoia bibroni,Reptilia,Squamata,Boidae,Chapple et al. (2016)
Candoia carinata,Reptilia,Squamata,Boidae,Chapple et al. (2016)
Phyllurus platurus,Reptilia,Squamata,Carphodactylidae,Chapple et al. (2016)
Underwoodisaurus milii,Reptilia,Squamata,Carphodactylidae,Chapple et al. (2016)
Boiga irregularis,Reptilia,Squamata,Colubridae,Chapple et al. (2016)
Boiga kraepelini,Reptilia,Squamata,Colubridae,Chapple et al. (2016)
Boiga multomaculata,Reptilia,Squamata,Colubridae,Chapple et al. (2016)
Chrysopelea ornata,Reptilia,Squamata,Colubridae,Chapple et al. (2016)
Chrysopelea paradisi,Reptilia,Squamata,Colubridae,Chapple et al. (2016)
Coelognathus radiatus,Reptilia,Squamata,Colubridae,Chapple et al. (2016)
Dendrelaphis calligastra,Reptilia,Squamata,Colubridae,Chapple et al. (2016)
Dendrelaphis punctulatus,Reptilia,Squamata,Colubridae,Chapple et al. (2016)
Elaphe bimaculata,Reptilia,Squamata,Colubridae,Chapple et al. (2016)
Elaphe climacophora,Reptilia,Squamata,Colubridae,Chapple et al. (2016)
Elaphe dione,Reptilia,Squamata,Colubridae,Chapple et al. (2016)
Elaphe quadrivirgata,Reptilia,Squamata,Colubridae,Chapple et al. (2016)
Euprepiophis conspicillata,Reptilia,Squamata,Colubridae,Chapple et al. (2016)
Hierophis viridiflavus,Reptilia,Squamata,Colubridae,Chapple et al. (2016)
Leptophis ahaetulla,Reptilia,Squamata,Colubridae,Chapple et al. (2016)
Lycodon aulicus,Reptilia,Squamata,Colubridae,Chapple et al. (2016)
Lycodon capucinus,Reptilia,Squamata,Colubridae,Chapple et al. (2016)
Lycodon laoensis,Reptilia,Squamata,Colubridae,Chapple et al. (2016)
Lycodon rufozonatus,Reptilia,Squamata,Colubridae,Chapple et al. (2016)
Oligodon ornatus,Reptilia,Squamata,Colubridae,Chapple et al. (2016)
Orientocoluber spinalis,Reptilia,Squamata,Colubridae,Chapple et al. (2016)
Orthriophis taeniurus,Reptilia,Squamata,Colubridae,Chapple et al. (2016)
Pantherophis obsoletus,Reptilia,Squamata,Colubridae,Chapple et al. (2016)
Rhabdophis tigrinus,Reptilia,Squamata,Colubridae,Chapple et al. (2016)
Thamnophis sirtalis,Reptilia,Squamata,Colubridae,Chapple et al. (2016)
Tropidonophis mairii,Reptilia,Squamata,Colubridae,Chapple et al. (2016)
Xenochrophis melanzostus,Reptilia,Squamata,Colubridae,Chapple et al. (2016)
Anolis carolinensis,Reptilia,Squamata,Dactyloidae,Chapple et al. (2016)
Anolis limifrons,Reptilia,Squamata,Dactyloidae,Chapple et al. (2016)
Anolis sagrei,Reptilia,Squamata,Dactyloidae,Chapple et al. (2016)
Amalosia rhombifer,Reptilia,Squamata,Diplodactylidae,Chapple et al. (2016)
Oedura marmorata,Reptilia,Squamata,Diplodactylidae,Chapple et al. (2016)
Diadophis punctatus,Reptilia,Squamata,Dipsadidae,Chapple et al. (2016)
Tachymenis chilensis,Reptilia,Squamata,Dipsadidae,Chapple et al. (2016)
Calliophis intestinalis,Reptilia,Squamata,Elapidae,Chapple et al. (2016)
Cryptophis nigrescens,Reptilia,Squamata,Elapidae,Chapple et al. (2016)
Notechis scutatus,Reptilia,Squamata,Elapidae,Chapple et al. (2016)
Notechis scutatus,Reptilia,Squamata,Elapidae,Chapple et al. (2016)
Pseudonaja nuchalis,Reptilia,Squamata,Elapidae,Chapple et al. (2016)
Pseudonaja textilis,Reptilia,Squamata,Elapidae,Chapple et al. (2016)
Simoselaps bimaculatus,Reptilia,Squamata,Elapidae,Chapple et al. (2016)
Suta ordensis,Reptilia,Squamata,Elapidae,Chapple et al. (2016)
Chondrodactylus bibronii,Reptilia,Squamata,Gekkonidae,Chapple et al. (2016)
Christinus marmoratus,Reptilia,Squamata,Gekkonidae,Chapple et al. (2016)
Cyrtopodion scabrum,Reptilia,Squamata,Gekkonidae,Chapple et al. (2016)
Dixonius siamensis,Reptilia,Squamata,Gekkonidae,Chapple et al. (2016)
Gehyra australis,Reptilia,Squamata,Gekkonidae,Chapple et al. (2016)
Gehyra baliola,Reptilia,Squamata,Gekkonidae,Chapple et al. (2016)
Gehyra dubia,Reptilia,Squamata,Gekkonidae,Chapple et al. (2016)
Gehyra mutilata,Reptilia,Squamata,Gekkonidae,Chapple et al. (2016)
Gehyra oceanica,Reptilia,Squamata,Gekkonidae,Chapple et al. (2016)
Gehyra variegata,Reptilia,Squamata,Gekkonidae,Chapple et al. (2016)
Gekko gecko,Reptilia,Squamata,Gekkonidae,Chapple et al. (2016)
Gekko hokouensis,Reptilia,Squamata,Gekkonidae,Chapple et al. (2016)
Gekko japonicus,Reptilia,Squamata,Gekkonidae,Chapple et al. (2016)
Gekko monarchus,Reptilia,Squamata,Gekkonidae,Chapple et al. (2016)
Gekko swinhonis,Reptilia,Squamata,Gekkonidae,Chapple et al. (2016)
Gekko vittatus,Reptilia,Squamata,Gekkonidae,Chapple et al. (2016)
Hemidactylus angulatus,Reptilia,Squamata,Gekkonidae,Chapple et al. (2016)
Hemidactylus aquilonius,Reptilia,Squamata,Gekkonidae,Chapple et al. (2016)
Hemidactylus bowringii,Reptilia,Squamata,Gekkonidae,Chapple et al. (2016)
Hemidactylus brookii,Reptilia,Squamata,Gekkonidae,Chapple et al. (2016)
Hemidactylus flaviviridis,Reptilia,Squamata,Gekkonidae,Chapple et al. (2016)
Hemidactylus frenatus,Reptilia,Squamata,Gekkonidae,Chapple et al. (2016)
Hemidactylus garnotii,Reptilia,Squamata,Gekkonidae,Chapple et al. (2016)
Hemidactylus leschenaultii,Reptilia,Squamata,Gekkonidae,Chapple et al. (2016)
Hemidactylus mabouia,Reptilia,Squamata,Gekkonidae,Chapple et al. (2016)
Hemidactylus parvimaculatus,Reptilia,Squamata,Gekkonidae,Chapple et al. (2016)
Hemidactylus platyurus,Reptilia,Squamata,Gekkonidae,Chapple et al. (2016)
Hemidactylus turcicus,Reptilia,Squamata,Gekkonidae,Chapple et al. (2016)
Hemiphyllodactylus typus,Reptilia,Squamata,Gekkonidae,Chapple et al. (2016)
Heteronotia binoei,Reptilia,Squamata,Gekkonidae,Chapple et al. (2016)
Lepidodactylus euaensis,Reptilia,Squamata,Gekkonidae,Chapple et al. (2016)
Lepidodactylus lugubris,Reptilia,Squamata,Gekkonidae,Chapple et al. (2016)
Lygodactylus capensis,Reptilia,Squamata,Gekkonidae,Chapple et al. (2016)
Nactus multicarinatus,Reptilia,Squamata,Gekkonidae,Chapple et al. (2016)
Nactus pelagicus,Reptilia,Squamata,Gekkonidae,Chapple et al. (2016)
Phelsuma laticauda,Reptilia,Squamata,Gekkonidae,Chapple et al. (2016)
Hydrophis spiralis,Reptilia,Squamata,Hydrophiidae,Chapple et al. (2016)
Ctenosaura pectinata,Reptilia,Squamata,Iguanidae,Chapple et al. (2016)
Sceloporus occidentalis biseriatus,Reptilia,Squamata,Iguanidae,Chapple et al. (2016)
Podarcis muralis,Reptilia,Squamata,Lacertidae,Chapple et al. (2016)
Podarcis siculus,Reptilia,Squamata,Lacertidae,Chapple et al. (2016)
Dendrolycus elapoides,Reptilia,Squamata,Lamprophiidae,Chapple et al. (2016)
Psammophis indochinensis,Reptilia,Squamata,Lamprophiidae,Chapple et al. (2016)
Leiocephalus carinatus armouri,Reptilia,Squamata,Leiocephalidae,Chapple et al. (2016)
Sceloporus olivaceus,Reptilia,Squamata,Phrynosomatidae,Chapple et al. (2016)
Uta stansburiana,Reptilia,Squamata,Phrynosomatidae,Chapple et al. (2016)
Ptyodactylus guttatus,Reptilia,Squamata,Phyllodactylidae,Chapple et al. (2016)
Tarentola mauritanica,Reptilia,Squamata,Phyllodactylidae,Chapple et al. (2016)
Malayopython reticulatus,Reptilia,Squamata,Pythonidae,Chapple et al. (2016)
Morelia spilota,Reptilia,Squamata,Pythonidae,Chapple et al. (2016)
Python natalensis,Reptilia,Squamata,Pythonidae,Chapple et al. (2016)
Ablepharus kitaibelii,Reptilia,Squamata,Scincidae,Chapple et al. (2016)
Bellatorias major,Reptilia,Squamata,Scincidae,Chapple et al. (2016)
Carlia fusca,Reptilia,Squamata,Scincidae,Chapple et al. (2016)
Concinnia tenuis,Reptilia,Squamata,Scincidae,Chapple et al. (2016)
Cryptoblepharus boutonii,Reptilia,Squamata,Scincidae,Chapple et al. (2016)
Cryptoblepharus eximius,Reptilia,Squamata,Scincidae,Chapple et al. (2016)
Cryptoblepharus novohebridicus,Reptilia,Squamata,Scincidae,Chapple et al. (2016)
Cryptoblepharus pannosus,Reptilia,Squamata,Scincidae,Chapple et al. (2016)
Cryptoblepharus plagiocephalus,Reptilia,Squamata,Scincidae,Chapple et al. (2016)
Cryptoblepharus pulcher,Reptilia,Squamata,Scincidae,Chapple et al. (2016)
Cryptoblepharus virgatus,Reptilia,Squamata,Scincidae,Chapple et al. (2016)
Ctenotus joanae,Reptilia,Squamata,Scincidae,Chapple et al. (2016)
Ctenotus robustus,Reptilia,Squamata,Scincidae,Chapple et al. (2016)
Egernia cunninghami,Reptilia,Squamata,Scincidae,Chapple et al. (2016)
Egernia kingii,Reptilia,Squamata,Scincidae,Chapple et al. (2016)
Egernia striolata,Reptilia,Squamata,Scincidae,Chapple et al. (2016)
Emoia cyanura,Reptilia,Squamata,Scincidae,Chapple et al. (2016)
Emoia impar,Reptilia,Squamata,Scincidae,Chapple et al. (2016)
Emoia nigra,Reptilia,Squamata,Scincidae,Chapple et al. (2016)
Eulamprus quoyii,Reptilia,Squamata,Scincidae,Chapple et al. (2016)
Eutropis longicaudata,Reptilia,Squamata,Scincidae,Chapple et al. (2016)
Eutropis multifasciata,Reptilia,Squamata,Scincidae,Chapple et al. (2016)
Lampropholis delicata,Reptilia,Squamata,Scincidae,Chapple et al. (2016)
Lampropholis guichenoti,Reptilia,Squamata,Scincidae,Chapple et al. (2016)
Lipinia noctua,Reptilia,Squamata,Scincidae,Chapple et al. (2016)
Lygosoma bowringii,Reptilia,Squamata,Scincidae,Chapple et al. (2016)
Lygosoma quadrupes,Reptilia,Squamata,Scincidae,Chapple et al. (2016)
Morethia boulengeri,Reptilia,Squamata,Scincidae,Chapple et al. (2016)
Papuascincus morokanus,Reptilia,Squamata,Scincidae,Chapple et al. (2016)
Pseudemoia entrecasteauxii,Reptilia,Squamata,Scincidae,Chapple et al. (2016)
Saproscincus challengeri,Reptilia,Squamata,Scincidae,Chapple et al. (2016)
Saproscincus mustelinus,Reptilia,Squamata,Scincidae,Chapple et al. (2016)
Scincella lateralis,Reptilia,Squamata,Scincidae,Chapple et al. (2016)
Tiliqua scincoides,Reptilia,Squamata,Scincidae,Chapple et al. (2016)
Aspidoscelis tigris,Reptilia,Squamata,Teiidae,Chapple et al. (2016)
Holcosus septemlineatus,Reptilia,Squamata,Teiidae,Chapple et al. (2016)
Indotyphlops braminus,Reptilia,Squamata,Typhlopidae,Chapple et al. (2016)
Varanus indicus,Reptilia,Squamata,Varanidae,Chapple et al. (2016)
Varanus salvator,Reptilia,Squamata,Varanidae,Chapple et al. (2016)
Trimeresurus albolabris,Reptilia,Squamata,Viperidae,Chapple et al. (2016)
Trimeresurus popeiorum,Reptilia,Squamata,Viperidae,Chapple et al. (2016)
Bufo gargarizans,Amphibia,Anura,Bufonidae,Pili et al. (2023)
Bufotes sitibundus,Amphibia,Anura,Bufonidae,Pili et al. (2023)
Duttaphrynus dhufarensis,Amphibia,Anura,Bufonidae,Pili et al. (2023)
Duttaphrynus stomaticus,Amphibia,Anura,Bufonidae,Pili et al. (2023)
Sclerophrys gutturalis,Amphibia,Anura,Bufonidae,Pili et al. (2023)
Sclerophrys maculata,Amphibia,Anura,Bufonidae,Pili et al. (2023)
Sclerophrys regularis,Amphibia,Anura,Bufonidae,Pili et al. (2023)
Fejervarya cancrivora,Amphibia,Anura,Dicroglossidae,Pili et al. (2023)
Fejervarya limnocharis,Amphibia,Anura,Dicroglossidae,Pili et al. (2023)
Litoria bicolor,Amphibia,Anura,Hylidae,Pili et al. (2023)
Litoria nasuta,Amphibia,Anura,Hylidae,Pili et al. (2023)
Scinax ruber,Amphibia,Anura,Hylidae,Pili et al. (2023)
Smilisca baudinii,Amphibia,Anura,Hylidae,Pili et al. (2023)
Trachycephalus quadrangulum,Amphibia,Anura,Hylidae,Pili et al. (2023)
Platyplectrum ornatum,Amphibia,Anura,Limnodynastidae,Pili et al. (2023)
Microhyla butleri,Amphibia,Anura,Microhylidae,Pili et al. (2023)
Pelophylax porosus,Amphibia,Anura,Ranidae,Pili et al. (2023)
Polypedates leucomystax,Amphibia,Anura,Rhacophoridae,Pili et al. (2023)
Polypedates maculatus,Amphibia,Anura,Rhacophoridae,Pili et al. (2023)
Coelognathus flavolineatus,Reptilia,Squamata,Colubridae,Pili et al. (2023)
Dendrelaphis pictus,Reptilia,Squamata,Colubridae,Pili et al. (2023)
Hebius vibakari,Reptilia,Squamata,Colubridae,Pili et al. (2023)
Hemorrhois hippocrepis,Reptilia,Squamata,Colubridae,Pili et al. (2023)
Oligodon formosanus,Reptilia,Squamata,Colubridae,Pili et al. (2023)
Oligodon taeniatus,Reptilia,Squamata,Colubridae,Pili et al. (2023)
Storeria dekayi,Reptilia,Squamata,Colubridae,Pili et al. (2023)
Xenochrophis flavipunctatus,Reptilia,Squamata,Colubridae,Pili et al. (2023)
Diplodactylus pulcher,Reptilia,Squamata,Diplodactylidae,Pili et al. (2023)
Heterodon platirhinos,Reptilia,Squamata,Dipsadidae,Pili et al. (2023)
Leptodeira septentrionalis,Reptilia,Squamata,Dipsadidae,Pili et al. (2023)
Austrelaps superbus,Reptilia,Squamata,Elapidae,Pili et al. (2023)
Laticauda colubrina,Reptilia,Squamata,Elapidae,Pili et al. (2023)
Gehyra insulensis,Reptilia,Squamata,Gekkonidae,Pili et al. (2023)
Iguana iguana,Reptilia,Squamata,Iguanidae,Pili et al. (2023)
Liolaemus tenuis,Reptilia,Squamata,Iguanidae,Pili et al. (2023)
Sceloporus occidentalis occidentalis,Reptilia,Squamata,Iguanidae,Pili et al. (2023)
Eremias brenchleyi,Reptilia,Squamata,Lacertidae,Pili et al. (2023)
Podarcis muralis brongniardii,Reptilia,Squamata,Lacertidae,Pili et al. (2023)
Podarcis sicula,Reptilia,Squamata,Lacertidae,Pili et al. (2023)
Ptyodactylus hasselquistii,Reptilia,Squamata,Phyllodactylidae,Pili et al. (2023)
Ablepharus rueppellii,Reptilia,Squamata,Scincidae,Pili et al. (2023)
Cryptoblepharus buchananii,Reptilia,Squamata,Scincidae,Pili et al. (2023)
Emoia sanfordi,Reptilia,Squamata,Scincidae,Pili et al. (2023)
Saproscincus spectabilis,Reptilia,Squamata,Scincidae,Pili et al. (2023)
Trachylepis maculilabris,Reptilia,Squamata,Scincidae,Pili et al. (2023)
Varanus nebulosus,Reptilia,Squamata,Varanidae,Pili et al. (2023)
Varanus tristis,Reptilia,Squamata,Varanidae,Pili et al. (2023)
Trachemys scripta elegans,Reptilia,Testudines,Emydidae,Pili et al. (2023)
Hoplobatrachus rugulosus,,Amphibia,Dicroglossidae,Pili et al. (2019); Diesmos et al. (2009)
Kaloula pulchra,,Amphibia,Microhylidae,Pili et al. (2019); Diesmos et al. (2009)
Eleutherodactylus planirostris,,Amphibia,Eleutherodactylidae,Pili et al. (2019); Diesmos et al. (2009)
Hylarana erythraea,,Amphibia,Ranidae,Pili et al. (2019); Diesmos et al. (2009)
Rhinella marina,,Amphibia,Bufonidae,Pili et al. (2019); Diesmos et al. (2009)
Lithobates catesbeianus,,Amphibia,Ranidae,Pili et al. (2019); Diesmos et al. (2009)
Hoplobatrachus tigerinus,,Amphibia,Dicroglossidae,Mohanty et al. (2019)
Eleutherodactylus coqui,,,,Krysko et al. (2011)
Eleutherodactylus planirostris,,,,Krysko et al. (2011)
Osteopilus septentrionali,,,,Krysko et al. (2011)
Pseudacris sierr,,,,Krysko et al. (2011)
Cyclura nubila,,,,Krysko et al. (2011)
Anolis distichus,,,,Krysko et al. (2011)
Anolis porcatus,,,,Krysko et al. (2011)
Anolis sagrei,,,,Krysko et al. (2011)
Sphaerodactylus argus,,,,Krysko et al. (2011)
Sphaerodactylus elegans,,,,Krysko et al. (2011)
Gonatodes albogularis,,,,Krysko et al. (2011)
Hemidactylus garnotii,,,,Krysko et al. (2011)
Hemidactylus mabouia,,,,Krysko et al. (2011)
Hemidactylus turcicus,,,,Krysko et al. (2011)
Eutropis multifasciata,,,,Krysko et al. (2011)
Ramphotyphlops braminus,,,,Krysko et al. (2011)
Typhlops lumbricalis,,,,Krysko et al. (2011)
Lampropeltis triangulum sinaloae,,,,Toral-Granda et al. (2017)
Iguana iguana,,,,Toral-Granda et al. (2017)
Boa constrictor,,,,Toral-Granda et al. (2017)
Carlia ailanpalai,,,,Austin et al. (2011)
Anolis carolinensis,,,,Austin et al. (2011)
Carlia tutela,,,,Austin et al. (2011)
Lepidodactylus lugubris,,,,Phillips et al. (2012)
Gonotodes caudiscutatus,,,,Phillips et al. (2012)
Phyllodactylus reissii,,,,Phillips et al. (2012)
Dendrelaphis philippinensis,,,,Buden et al. (2014)
Boiga irregularis,,,,Buden et al. (2014)
Dendrelaphis punctulatus striolatus,,,,Buden et al. (2014)
Pleurodema thaul,,,,Correa et al. (2008).
Hemidactylus turcicus,,,,Detwiler & Criscione (2014)
Anolis sagrei,,,,Eals & Thorpe (2010)
Natrix Maura,,,,Guicking et al. (2006)
Alytes obstetricans,,,,Guicking et al. (2006)
Hyla arborea,,,,Keller et al. (2009)
Rana esculenta,,,,Keller et al. (2009)
Polypedates leucomystax,,,,Kuraishi et al. (2009)
Macroprotodon mauritanicus,,,,Silva-Rocha et al. (2015)
Hemorrhois hippocrepis,,,,Silva-Rocha et al. (2015)
Rhinechis scalaris,,,,Silva-Rocha et al. (2015)
Malpolon monspessulanus,,,,Silva-Rocha et al. (2015)
Dendrelaphis punctulatus,,,,Albero et al. (2022)
Mastigodryas melanolomus,,,,Albero et al. (2022)
Simalia amethistina,,,,Albero et al. (2022)
Euprepiophis mandarinus,,,,Albero et al. (2022)
Bitis arietans,,,,Albero et al. (2022)
Boiga irregularis,,,,Albero et al. (2022)
Bungarus,,,,Albero et al. (2022)
Morelia spilota,,,,Albero et al. (2022)
Antaresia maculosa,,,,Albero et al. (2022)
Coluber constrictor,,,,Albero et al. (2022)
Calliophis bivirgatus flaviceps,,,,Sy (2019)
Anolis aeneus,Reptilia,Sauria,Iguanidae,CABI
Anolis cristatellus,Reptilia,Sauria,Iguanidae,CABI
Anolis extremus,Reptilia,Sauria,Iguanidae,CABI
Anolis trinitatis,Reptilia,Sauria,Iguanidae,CABI
Anolis wattsi,Reptilia,Sauria,Iguanidae,CABI
Boa imperator,Reptilia,Serpentes,Boidae,CABI
Boiga irregularis,Reptilia,Serpentes,Colubridae,CABI
Ctenosaura similis,Reptilia,Sauria,Iguanidae,CABI
Eleutherodactylus planirostris,Amphibia,Anura,Leptodactylidae,CABI
Hemidactylus frenatus,Reptilia,Sauria,Gekkonidae,CABI
Lampropeltis californiae,Reptilia,Serpentes,Colubridae,CABI
Osteopilus septentrionalis,Amphibia,Anura,Hylidae,CABI
Pantherophis guttatus,Reptilia,Serpentes,Colubridae,CABI
Podarcis sicula,Reptilia,Sauria,Lacertidae,CABI
Rhinella marina,Amphibia,Anura,Bufonidae,CABI
Trioceros jacksonii,Reptilia,Squamata,,CABI
Varanus niloticus,Reptilia,Sauria,Varanidae,CABI
Anolis aeneus,Reptilia,Squamata,Polychrotidae,GISD
Anolis equestris,Reptilia,,Polychrotidae,GISD
Anolis extremus,Reptilia,,Polychrotidae,GISD
Anolis leachii,Reptilia,,Polychrotidae,GISD
Anolis maynardi,Reptilia,,Polychrotidae,GISD
Anolis wattsi,Reptilia,,Polychrotidae,GISD
Boiga irregularis,Reptilia,Squamata,Colubridae,GISD
Elaphe guttata,Reptilia,Squamata,Colubridae,GISD
Hemidactylus frenatus,Reptilia,Squamata,Gekkonidae,GISD
Hemidactylus mabouia,Reptilia,Squamata,Gekkonidae,GISD
Osteopilus septentrionalis,Amphibia,Anura,Hylidae,GISD
Rhinella marina,Amphibia,Anura,Bufonidae,GISD
Aparasphenodon bruno,Amphibia,,,Kraus (2009)
Bufo marinu,Amphibia,,,Kraus (2009)
Bufo regularis,Amphibia,,,Kraus (2009)
Bufo melanostictus,Amphibia,,,Kraus (2009)
Bufo stomaticus,Amphibia,,,Kraus (2009)
Bufo viridis,Amphibia,,,Kraus (2009)
Crinia signifera,Amphibia,,,Kraus (2009)
Eleutherodactylus johnstonei,Amphibia,,,Kraus (2009)
Eleutherodactylus planirostris,Amphibia,,,Kraus (2009)
Eleutherodactylus martinicensis,Amphibia,,,Kraus (2009)
Fejervarya cancrivora ,Amphibia,,,Kraus (2009)
Fejervarya limnocharis ,Amphibia,,,Kraus (2009)
Hyla cinerea,Amphibia,,,Kraus (2009)
Hymenochirus curtipes ,Amphibia,,,Kraus (2009)
Hypsiboas albomarginatus ,Amphibia,,,Kraus (2009)
Kaloula picta,Amphibia,,,Kraus (2009)
Kaloula pulchra,Amphibia,,,Kraus (2009)
Limnodynastes tasmaniensis,Amphibia,,,Kraus (2009)
Limnodynastes terrareginae,Amphibia,,,Kraus (2009)
Litoria adelaidensis,Amphibia,,,Kraus (2009)
Litoria aurea,Amphibia,,,Kraus (2009)
Litoria bicolor,Amphibia,,,Kraus (2009)
Litoria caerulea,Amphibia,,,Kraus (2009)
Litoria chloris,Amphibia,,,Kraus (2009)
Litoria ewingii,Amphibia,,,Kraus (2009)
Litoria fallax,Amphibia,,,Kraus (2009)
Litoria gracilenta,Amphibia,,,Kraus (2009)
Litoria infrafrenata,Amphibia,,,Kraus (2009)
Litoria phyllocroa,Amphibia,,,Kraus (2009)
Litoria rothii,Amphibia,,,Kraus (2009)
Litoria rubella,Amphibia,,,Kraus (2009)
Litoria verreauxii,Amphibia,,,Kraus (2009)
Litoria xanthomera,Amphibia,,,Kraus (2009)
Microhyla ornata,Amphibia,,,Kraus (2009)
Microhyla pulchra,Amphibia,,,Kraus (2009)
Osteopilus septentrionalis,Amphibia,,,Kraus (2009)
Phrynohyas venulosus,Amphibia,,,Kraus (2009)
Phrynomantis bifasciatus,Amphibia,,,Kraus (2009)
Pleurodema brachyops,Amphibia,,,Kraus (2009)
Polypedates leucomystax,Amphibia,,,Kraus (2009)
Polypedates megacephalus,Amphibia,,,Kraus (2009)
Pseudacris clarkii,Amphibia,,,Kraus (2009)
Pseudacris regilla,Amphibia,,,Kraus (2009)
Ptychadena mascareniensis,Amphibia,,,Kraus (2009)
Rana berlandieri,Amphibia,,,Kraus (2009)
Rana catesbeiana ,Amphibia,,,Kraus (2009)
Rana guentheri,Amphibia,,,Kraus (2009)
Rana nigromaculata,Amphibia,,,Kraus (2009)
Rana ridibunda,Amphibia,,,Kraus (2009)
Rana sphenocephala,Amphibia,,,Kraus (2009)
Rana sylvatica,Amphibia,,,Kraus (2009)
Rana temporaria,Amphibia,,,Kraus (2009)
Scinax quinquefasciatus ,Amphibia,,,Kraus (2009)
Scinax ruber ,Amphibia,,,Kraus (2009)
Syrrhophus cystignathoides ,Amphibia,,,Kraus (2009)
Trachycephalus jordani ,Amphibia,,,Kraus (2009)
Xenopus laevis,Amphibia,,,Kraus (2009)
Ambstoma macrodactylum ,Amphibia,,,Kraus (2009)
Bolitoglossa rufescens,Amphibia,,,Kraus (2009)
Aneides vagrans ,Amphibia,,,Kraus (2009)
Agama agama,Reptilia,Squamata,,Kraus (2009)
Amphisbaena alba,Reptilia,Squamata,,Kraus (2009)
Anolis aeneus,Reptilia,Squamata,,Kraus (2009)
Anolis carolinensis,Reptilia,Squamata,,Kraus (2009)
Anolis cristatellus ,Reptilia,Squamata,,Kraus (2009)
Anolis distichus,Reptilia,Squamata,,Kraus (2009)
Anolis extremus,Reptilia,Squamata,,Kraus (2009)
Anolis marmoratus,Reptilia,Squamata,,Kraus (2009)
Anolis maynardi,Reptilia,Squamata,,Kraus (2009)
Anolis porcatus,Reptilia,Squamata,,Kraus (2009)
Anolis sagrei,Reptilia,Squamata,,Kraus (2009)
Calotes versicolor,Reptilia,Squamata,,Kraus (2009)
Chalcides ocellatus ,Reptilia,Squamata,,Kraus (2009)
Chamaeleo chamaeleon,Reptilia,Squamata,,Kraus (2009)
Chondrodactylus bibronii,Reptilia,Squamata,,Kraus (2009)
Christinus marmoratus,Reptilia,Squamata,,Kraus (2009)
Cnemidophorus lemniscatus,Reptilia,Squamata,,Kraus (2009)
Cordylus jonesii ,Reptilia,Squamata,,Kraus (2009)
Cryptoblepharus carnabyi,Reptilia,Squamata,,Kraus (2009)
Cryptoblepharus plagiocephalus,Reptilia,Squamata,,Kraus (2009)
Cryptoblepharus poecilopleurus,Reptilia,Squamata,,Kraus (2009)
Cryptoblepharus virgatus ,Reptilia,Squamata,,Kraus (2009)
Cyrtopodion scabrum,Reptilia,Squamata,,Kraus (2009)
Darevskia valentini ,Reptilia,Squamata,,Kraus (2009)
Diplodactylus ciliaris,Reptilia,Squamata,,Kraus (2009)
Egernia depressa,Reptilia,Squamata,,Kraus (2009)
Egernia formosa,Reptilia,Squamata,,Kraus (2009)
Egernia stokesii,Reptilia,Squamata,,Kraus (2009)
Elgaria multicarinata,Reptilia,Squamata,,Kraus (2009)
Emoia cyanura,Reptilia,Squamata,,Kraus (2009)
Emoia impar,Reptilia,Squamata,,Kraus (2009)
Eulamprus quoyii ,Reptilia,Squamata,,Kraus (2009)
Gallotia galloti,Reptilia,Squamata,,Kraus (2009)
Gallotia stehlini,Reptilia,Squamata,,Kraus (2009)
Gehyra mutilata,Reptilia,Squamata,,Kraus (2009)
Gehyra oceanica,Reptilia,Squamata,,Kraus (2009)
Gehyra variegata,Reptilia,Squamata,,Kraus (2009)
Gekko gecko,Reptilia,Squamata,,Kraus (2009)
Gekko hokouensis,Reptilia,Squamata,,Kraus (2009)
Gekko japonicus,Reptilia,Squamata,,Kraus (2009)
Gekko monarchus,Reptilia,Squamata,,Kraus (2009)
Gonatodes albogularis,Reptilia,Squamata,,Kraus (2009)
Gonatodes caudiscutatus,Reptilia,Squamata,,Kraus (2009)
Gonatodes vittatus,Reptilia,Squamata,,Kraus (2009)
Hemidactylus brookii,Reptilia,Squamata,,Kraus (2009)
Hemidactylus flaviviridis ,Reptilia,Squamata,,Kraus (2009)
Hemidactylus frenatus,Reptilia,Squamata,,Kraus (2009)
Hemidactylus garnotii,Reptilia,Squamata,,Kraus (2009)
Hemidactylus mabouia,Reptilia,Squamata,,Kraus (2009)
Hemidactylus platyurus,Reptilia,Squamata,,Kraus (2009)
Hemidactylus turcicus,Reptilia,Squamata,,Kraus (2009)
Hemiphyllodactylus typus,Reptilia,Squamata,,Kraus (2009)
Lacerta bilineata,Reptilia,Squamata,,Kraus (2009)
Lampropholis delicata,Reptilia,Squamata,,Kraus (2009)
Lampropholis guichenoti,Reptilia,Squamata,,Kraus (2009)
Laudakia stellio,Reptilia,Squamata,,Kraus (2009)
Lepidodactylus aureolineatus,Reptilia,Squamata,,Kraus (2009)
Lepidodactylus euaensis,Reptilia,Squamata,,Kraus (2009)
Lepidodactylus lugubris,Reptilia,Squamata,,Kraus (2009)
Lipinia noctua,Reptilia,Squamata,,Kraus (2009)
Lygodactylus capensis,Reptilia,Squamata,,Kraus (2009)
Lygosoma bowringii,Reptilia,Squamata,,Kraus (2009)
Mabuya comorensis,Reptilia,Squamata,,Kraus (2009)
Mabuya multifasciata,Reptilia,Squamata,,Kraus (2009)
Mabuya quinquetaeniata ,Reptilia,Squamata,,Kraus (2009)
Mediodactylus kotschyi,Reptilia,Squamata,,Kraus (2009)
Oedura rhombifer,Reptilia,Squamata,,Kraus (2009)
Ophisaurus ventralis,Reptilia,Squamata,,Kraus (2009)
Phelsuma astriata,Reptilia,Squamata,,Kraus (2009)
Phelsuma cepediana,Reptilia,Squamata,,Kraus (2009)
Phyllodactylus reissi,Reptilia,Squamata,,Kraus (2009)
Plica plica,Reptilia,Squamata,,Kraus (2009)
Podarcis muralis,Reptilia,Squamata,,Kraus (2009)
Podarcis pityusensis,Reptilia,Squamata,,Kraus (2009)
Podarcis sicula,Reptilia,Squamata,,Kraus (2009)
Pygopus lepidopodus,Reptilia,Squamata,,Kraus (2009)
Saproscincus challengeri,Reptilia,Squamata,,Kraus (2009)
Saproscincus mustelina,Reptilia,Squamata,,Kraus (2009)
Scelarcis perspicillata,Reptilia,Squamata,,Kraus (2009)
Sceloporus occidentalis ,Reptilia,Squamata,,Kraus (2009)
Scincella lateralis,Reptilia,Squamata,,Kraus (2009)
Sphaerodactylus argus,Reptilia,Squamata,,Kraus (2009)
Sphaerodactylus copei,Reptilia,Squamata,,Kraus (2009)
Sphaerodactylus elegans,Reptilia,Squamata,,Kraus (2009)
Sphaerodactylus glaucus ,Reptilia,Squamata,,Kraus (2009)
Sphaerodactylus notatus,Reptilia,Squamata,,Kraus (2009)
Tarentola boettgeri,Reptilia,Squamata,,Kraus (2009)
Tarentola delalandii,Reptilia,Squamata,,Kraus (2009)
Tarentola mauritanica,Reptilia,Squamata,,Kraus (2009)
Tarentola parvicarinata ,Reptilia,Squamata,,Kraus (2009)
Teira dugesii ,Reptilia,Squamata,,Kraus (2009)
Tiliqua scincoides,Reptilia,Squamata,,Kraus (2009)
Timon lepidus,Reptilia,Squamata,,Kraus (2009)
Uta stansburiana,Reptilia,Squamata,,Kraus (2009)
Varanus caudolineatus,Reptilia,Squamata,,Kraus (2009)
Boa constrictor,Reptilia,Squamata,,Kraus (2009)
Boiga irregularis,Reptilia,Squamata,,Kraus (2009)
Bothriechis schlegelii,Reptilia,Squamata,,Kraus (2009)
Bungarus fasciatus,Reptilia,Squamata,,Kraus (2009)
Candoia bibroni,Reptilia,Squamata,,Kraus (2009)
Coluber constrictor,Reptilia,Squamata,,Kraus (2009)
Corallus annulatus,Reptilia,Squamata,,Kraus (2009)
Corallus caninus,Reptilia,Squamata,,Kraus (2009)
Dendrelaphis caudolineatus,Reptilia,Squamata,,Kraus (2009)
Dendrelaphis punctulatus,Reptilia,Squamata,,Kraus (2009)
Diadophis punctatus,Reptilia,Squamata,,Kraus (2009)
Drymarchon corais,Reptilia,Squamata,,Kraus (2009)
Elaphe guttata,Reptilia,Squamata,,Kraus (2009)
Elaphe quadrivirgata,Reptilia,Squamata,,Kraus (2009)
Elaphe taeniura,Reptilia,Squamata,,Kraus (2009)
Epicrates cenchria,Reptilia,Squamata,,Kraus (2009)
Hemorrhois algirus,Reptilia,Squamata,,Kraus (2009)
Heterodon nasicus,Reptilia,Squamata,,Kraus (2009)
Hierophis viridiflavus,Reptilia,Squamata,,Kraus (2009)
Homoroselaps lacteus,Reptilia,Squamata,,Kraus (2009)
Imantodes cenchoa,Reptilia,Squamata,,Kraus (2009)
Lampropeltis triangulum ,Reptilia,Squamata,,Kraus (2009)
Leptodeira annulata,Reptilia,Squamata,,Kraus (2009)
Leptophis ahaetulla,Reptilia,Squamata,,Kraus (2009)
Leptophis depressirostris ,Reptilia,Squamata,,Kraus (2009)
Lycodon aulicus,Reptilia,Squamata,,Kraus (2009)
Malpolon monspessulanus,Reptilia,Squamata,,Kraus (2009)
Micrurus fulvius,Reptilia,Squamata,,Kraus (2009)
Morelia spilota,Reptilia,Squamata,,Kraus (2009)
Morelia viridis,Reptilia,Squamata,,Kraus (2009)
Natrix maura,Reptilia,Squamata,,Kraus (2009)
Natrix natrix,Reptilia,Squamata,,Kraus (2009)
Natrix tesselata,Reptilia,Squamata,,Kraus (2009)
Ninia sebae,Reptilia,Squamata,,Kraus (2009)
Oxyuranus scutellatus,Reptilia,Squamata,,Kraus (2009)
Pituophis catenifer,Reptilia,Squamata,,Kraus (2009)
Platyceps florulentus,Reptilia,Squamata,,Kraus (2009)
Protobothrops flavoviridis,Reptilia,Squamata,,Kraus (2009)
Trimeresurus flavoviridis,Reptilia,Squamata,,Kraus (2009)
Pseudonaja textilis,Reptilia,Squamata,,Kraus (2009)
Python molurus,Reptilia,Squamata,,Kraus (2009)
Ramphotyphlops braminus,Reptilia,Squamata,,Kraus (2009)
Rhinoplocephalus nigrescens,Reptilia,Squamata,,Kraus (2009)
Simoselaps bimaculatus ,Reptilia,Squamata,,Kraus (2009)
Spalerosophis diadema,Reptilia,Squamata,,Kraus (2009)
Spilotes pullatus,Reptilia,Squamata,,Kraus (2009)
Suta ordensis,Reptilia,Squamata,,Kraus (2009)
Tantilla melanocephala,Reptilia,Squamata,,Kraus (2009)
Telescopus fallax,Reptilia,Squamata,,Kraus (2009)
Thamnophis sirtalis,Reptilia,Squamata,,Kraus (2009)
Trimeresurus popeiorum ,Reptilia,Squamata,,Kraus (2009)
Duttaphrynus melanostictus,,,,Measey et al. (2019)
Hyperolius marmoratus,,,,Measey et al. (2019)
Phrynomantis bifasciatus,,,,Measey et al. (2019)
Hyperolius tuberilinguis,,,,Measey et al. (2019)
Schismaderma carens,,,,Measey et al. (2019)
Chiromantis xerampelina,,,,Measey et al. (2019)
rhinella marina,,,,Toomes et al. (2019)
hemidactylus frenatus,,,,Toomes et al. (2019)
varanus salvator,,,,Toomes et al. (2019)
orthriophis taeniurus,,,,Toomes et al. (2019)
chrysopelea ornata,,,,Toomes et al. (2019)
dendrelaphis pictus,,,,Toomes et al. (2019)
gekko monarchus,,,,Toomes et al. (2019)
varanus timorensis,,,,Toomes et al. (2019)
lycodon capucinus,,,,Toomes et al. (2019)
boiga dendrophila,,,,Toomes et al. (2019)
phrynoidis juxtaspera,,,,Toomes et al. (2019)
trachemys scripta,,,,Toomes et al. (2019)
gehyra oceanica,,,,Toomes et al. (2019)
coronella austriaca,,,,Toomes et al. (2019)
gekko gecko,,,,Toomes et al. (2019)
gehyra mutilata,,,,Toomes et al. (2019)
duttaphrynus melanostictus,,,,Toomes et al. (2019)
lamprolepis smaragdina,,,,Toomes et al. (2019)
rana dalmatina,,,,Toomes et al. (2019)
hemidactylus leschenaultii,,,,Toomes et al. (2019)
kaloula baleata,,,,Toomes et al. (2019)
hemidactylus platyurus,,,,Toomes et al. (2019)
lepidodactylus lugubris,,,,Toomes et al. (2019)
polypedates leucomystax,,,,Toomes et al. (2019)
trachylepis affinis,,,,Toomes et al. (2019)
hymenochirus curtipes,,,,Toomes et al. (2019)
hyla japonica,,,,Toomes et al. (2019)
calotes versicolor,,,,Toomes et al. (2019)
hoplobatrachus rugulosus,,,,Toomes et al. (2019)
kaloula pulchra,,,,Toomes et al. (2019)
hyla versicolor,,,,Toomes et al. (2019)
platymantis vitiensis,,,,Toomes et al. (2019)
tarentola chazaliae,,,,Toomes et al. (2019)
trachemys scripta elegans,,,,Toomes et al. (2019)
pseudotrapelus sinaitus,,,,Toomes et al. (2019)
lycodon aulicus,,,,Toomes et al. (2019)
anolis carolinensis,,,,Toomes et al. (2019)
pelobates syriacus,,,,Toomes et al. (2019)
gekko japonicus,,,,Toomes et al. (2019)
hemidactylus flaviviridis,,,,Toomes et al. (2019)
hyla squirella,,,,Toomes et al. (2019)
osteopilus septentrionalis,,,,Toomes et al. (2019)
regina grahami,,,,Toomes et al. (2019)
elaphe quadrivirgata,,,,Toomes et al. (2019)
polypedates megacephalus,,,,Toomes et al. (2019)
hemidactylus turcicus,,,,Toomes et al. (2019)
chondrodactylus bibronii,,,,Toomes et al. (2019)
hyla cinerea,,,,Toomes et al. (2019)
amietophrynus rangeri,,,,Toomes et al. (2019)
pseudacris crucifer,,,,Toomes et al. (2019)
iguana iguana,,,,Toomes et al. (2019)
chiromantis xerampelina,,,,Toomes et al. (2019)
anolis sagrei,,,,Toomes et al. (2019)
buergeria robusta,,,,Toomes et al. (2019)
broghammerus reticulatus,,,,Toomes et al. (2019)
hemorrhois hippocrepis,,,,Toomes et al. (2019)
chelydra serpentina,,,,Toomes et al. (2019)
scincella lateralis,,,,Toomes et al. (2019)
psittacula eupatria,,,,Toomes et al. (2019)
hylarana glandulosa,,,,Toomes et al. (2019)
hyla arborea,,,,Toomes et al. (2019)
amietophrynus gutturalis,,,,Toomes et al. (2019)
leiocephalus carinatus,,,,Toomes et al. (2019)
podarcis siculus,,,,Toomes et al. (2019)
gekko vittatus,,,,Toomes et al. (2019)
rana coreana,,,,Toomes et al. (2019)
sceloporus olivaceus,,,,Toomes et al. (2019)
furcifer pardalis,,,,Toomes et al. (2019)
euprepiophis mandarinus,,,,Toomes et al. (2019)
discoglossus pictus,,,,Toomes et al. (2019)
echis carinatus,,,,Toomes et al. (2019)
emoia cyanura,,,,Toomes et al. (2019)
basiliscus plumifrons,,,,Toomes et al. (2019)
tarentola mauritanica,,,,Toomes et al. (2019)
sturnus vulgaris,,,,Toomes et al. (2019)
hemidactylus bowringii,,,,Toomes et al. (2019)
pantherophis guttatus,,,,Toomes et al. (2019)
candoia carinata,,,,Toomes et al. (2019)
pelobates fuscus,,,,Toomes et al. (2019)
python regius,,,,Toomes et al. (2019)
chondrodactylus turneri,,,,Toomes et al. (2019)
carduelis carduelis,,,,Toomes et al. (2019)
python curtus,,,,Toomes et al. (2019)
cyrtodactylus marmoratus,,,,Toomes et al. (2019)
trimeresurus albolabris,,,,Toomes et al. (2019)
pelodiscus sinensis,,,,Toomes et al. (2019)
phelsuma grandis,,,,Toomes et al. (2019)
pseudepidalea viridis,,,,Toomes et al. (2019)
rhacophorus chenfui,,,,Toomes et al. (2019)
boa constrictor,,,,Toomes et al. (2019)
python bivittatus,,,,Toomes et al. (2019)
mauremys sinensis,,,,Toomes et al. (2019)
bufo stomaticus,,,,Toomes et al. (2019)
schismaderma carens,,,,Toomes et al. (2019)
Ambystoma mexicanum,,,,Garca-Diaz et al. (2014)
Schismaderma carens,,,,Garca-Diaz et al. (2014)
Duttaphrynus stomaticus,,,,Garca-Diaz et al. (2014)
Duttaphrynus melanostictus,,,,Garca-Diaz et al. (2014)
Bufo viridis,,,,Garca-Diaz et al. (2014)
Amietophrynus rangeri,,,,Garca-Diaz et al. (2014)
Andrias japonicus,,,,Garca-Diaz et al. (2014)
Dendrobates tinctorius,,,,Garca-Diaz et al. (2014)
Dendrobates auratus,,,,Garca-Diaz et al. (2014)
Adelphobates galactonotus,,,,Garca-Diaz et al. (2014)
Hoplobatrachus rugulosus,,,,Garca-Diaz et al. (2014)
Osteopilus septentrionalis,,,,Garca-Diaz et al. (2014)
Litoria xanthomera,,,,Garca-Diaz et al. (2014)
Litoria verreauxii,,,,Garca-Diaz et al. (2014)
Litoria splendida,,,,Garca-Diaz et al. (2014)
Litoria spenceri,,,,Garca-Diaz et al. (2014)
Litoria rubella,,,,Garca-Diaz et al. (2014)
Litoria rothii,,,,Garca-Diaz et al. (2014)
Litoria raniformis,,,,Garca-Diaz et al. (2014)
Litoria phyllochroa,,,,Garca-Diaz et al. (2014)
Litoria peronii,,,,Garca-Diaz et al. (2014)
Litoria novaehollandiae,,,,Garca-Diaz et al. (2014)
Litoria moorei,,,,Garca-Diaz et al. (2014)
Litoria littlejohni,,,,Garca-Diaz et al. (2014)
Litoria lesueuri,,,,Garca-Diaz et al. (2014)
Litoria latopalmata,,,,Garca-Diaz et al. (2014)
Litoria infrafrenata,,,,Garca-Diaz et al. (2014)
Litoria gracilenta,,,,Garca-Diaz et al. (2014)
Litoria gilleni,,,,Garca-Diaz et al. (2014)
Litoria genimaculata,,,,Garca-Diaz et al. (2014)
Litoria fallax,,,,Garca-Diaz et al. (2014)
Litoria ewingii,,,,Garca-Diaz et al. (2014)
Litoria dahlii,,,,Garca-Diaz et al. (2014)
Litoria cyclorhyncha,,,,Garca-Diaz et al. (2014)
Litoria citropa,,,,Garca-Diaz et al. (2014)
Litoria chloris,,,,Garca-Diaz et al. (2014)
Litoria cavernicola,,,,Garca-Diaz et al. (2014)
Litoria caerulea,,,,Garca-Diaz et al. (2014)
Litoria booroolongensis,,,,Garca-Diaz et al. (2014)
Litoria bicolor,,,,Garca-Diaz et al. (2014)
Litoria australis,,,,Garca-Diaz et al. (2014)
Litoria aurea,,,,Garca-Diaz et al. (2014)
Litoria adelaidensis,,,,Garca-Diaz et al. (2014)
Hyla versicolor,,,,Garca-Diaz et al. (2014)
Hyla squirella,,,,Garca-Diaz et al. (2014)
Hyla japonica,,,,Garca-Diaz et al. (2014)
Hyla cinerea,,,,Garca-Diaz et al. (2014)
Leiopelma hochstetteri,,,,Garca-Diaz et al. (2014)
Leiopelma archeyi,,,,Garca-Diaz et al. (2014)
Kaloula pulchra,,,,Garca-Diaz et al. (2014)
Cophixalus ornatus,,,,Garca-Diaz et al. (2014)
Austrochaperina adelphe,,,,Garca-Diaz et al. (2014)
Taudactylus liemi,,,,Garca-Diaz et al. (2014)
Spicospina flammocaerulea,,,,Garca-Diaz et al. (2014)
Pseudophryne pengilleyi,,,,Garca-Diaz et al. (2014)
Pseudophryne corroboree,,,,Garca-Diaz et al. (2014)
Pseudophryne bibronii,,,,Garca-Diaz et al. (2014)
Pseudophryne australis,,,,Garca-Diaz et al. (2014)
Platypectrum spenceri,,,,Garca-Diaz et al. (2014)
Philoria frosti,,,,Garca-Diaz et al. (2014)
Notaden weigeli,,,,Garca-Diaz et al. (2014)
Notaden nichollsi,,,,Garca-Diaz et al. (2014)
Mixophyes schevilli,,,,Garca-Diaz et al. (2014)
Mixophyes fleayi,,,,Garca-Diaz et al. (2014)
Mixophyes fasciolatus,,,,Garca-Diaz et al. (2014)
Mixophyes iteratus,,,,Garca-Diaz et al. (2014)
Mixophyes balbus,,,,Garca-Diaz et al. (2014)
Limnodynastes terraereginae,,,,Garca-Diaz et al. (2014)
Limnodynastes tasmaniensis,,,,Garca-Diaz et al. (2014)
Limnodynastes peronii,,,,Garca-Diaz et al. (2014)
Limnodynastes dumerilii,,,,Garca-Diaz et al. (2014)
Limnodynastes dorsalis,,,,Garca-Diaz et al. (2014)
Limnodynastes convexiusculus,,,,Garca-Diaz et al. (2014)
Lechriodus fletcheri,,,,Garca-Diaz et al. (2014)
Geocrinia vitellina,,,,Garca-Diaz et al. (2014)
Geocrinia alba,,,,Garca-Diaz et al. (2014)
Crinia signifera,,,,Garca-Diaz et al. (2014)
Crinia parinsignifera,,,,Garca-Diaz et al. (2014)
Paracrinia haswelli,,,,Garca-Diaz et al. (2014)
Geocrinia laevis,,,,Garca-Diaz et al. (2014)
Neobatrachus sudelli,,,,Garca-Diaz et al. (2014)
Pseudophryne semimarmorata,,,,Garca-Diaz et al. (2014)
Heleioporus australiacus,,,,Garca-Diaz et al. (2014)
Pelobates syriacus,,,,Garca-Diaz et al. (2014)
Xenopus laevis,,,,Garca-Diaz et al. (2014)
Hymenochirus curtipes,,,,Garca-Diaz et al. (2014)
Pyxicephalus adspersus,,,,Garca-Diaz et al. (2014)
Platymantis vitiensis,,,,Garca-Diaz et al. (2014)
Polypedates megacephalus,,,,Garca-Diaz et al. (2014)
Polypedates leucomystax,,,,Garca-Diaz et al. (2014)
Liuixalus romeri,,,,Garca-Diaz et al. (2014)
Chiromantis xerampelina,,,,Garca-Diaz et al. (2014)
Buergeria robusta,,,,Garca-Diaz et al. (2014)
Triturus cristatus,,,,Garca-Diaz et al. (2014)
Taricha granulosa,,,,Garca-Diaz et al. (2014)
Lissotriton vulgaris,,,,Garca-Diaz et al. (2014)
Cynops pyrrhogaster,,,,Garca-Diaz et al. (2014)
